rank,stamp,profile,run,avg_bk,avg_l,score
1,20260531_155733,vllm-qwen3.5-4b-awq,run1,28.42,6.79,39.21
2,20260531_155733,vllm-qwen3.5-4b-awq,run2,28.42,6.73,39.15
3,20260531_010046,vllm-qwen3-4b-2507,run2,29.79,5.02,38.81
4,20260531_010046,vllm-qwen3.5-4b,run3,28.96,5.71,38.67
5,20260531_010046,vllm-qwen3-4b-2507,run1,28.93,5.21,38.14
6,20260531_010046,vllm-qwen3-4b-2507,run3,28.93,5.21,38.13
7,20260531_010046,vllm-qwen3.5-4b,run2,27.93,5.83,37.75
8,20260531_010046,vllm-qwen3.5-4b,run1,27.70,5.61,37.31
9,20260531_155733,vllm-qwen3.5-9b-awq,run1,27.26,4.15,35.41
10,20260531_155733,vllm-qwen3.5-9b-awq,run2,27.26,4.09,35.34
11,20260531_155733,vllm-qwen3.5-9b,run2,27.75,2.63,34.38
12,20260531_155733,vllm-qwen3.5-9b,run1,27.75,2.63,34.38
