profile,window,from_s,to_s,proc_time_s,B,K,L,C
qwen3.5-4b-awq,0,0,300,0.772,24.7,6.0,6.80,37.5
qwen3.5-4b-awq,1,300,600,0.626,25.0,6.0,7.31,38.3
qwen3.5-4b-awq,2,600,900,0.841,24.0,6.0,6.57,36.6
qwen3.5-4b-awq,3,900,1200,1.051,24.0,6.0,5.91,35.9
qwen3.5-4b-awq,4,1200,1305,0.642,24.7,6.0,7.25,37.9
qwen3.5-4b,0,0,300,1.192,24.7,6.0,5.51,36.2
qwen3.5-4b,1,300,600,1.336,24.7,6.0,5.13,35.8
qwen3.5-4b,2,600,900,1.382,24.0,6.0,5.01,35.0
qwen3.5-4b,3,900,1200,1.312,24.7,6.0,5.19,35.9
qwen3.5-4b,4,1200,1305,0.818,25.0,6.0,6.64,37.6
qwen3.5-9b-awq,0,0,300,1.834,24.7,6.0,4.00,34.7
qwen3.5-9b-awq,1,300,600,1.695,24.7,6.0,4.28,35.0
qwen3.5-9b-awq,2,600,900,2.120,24.3,6.0,3.46,33.8
qwen3.5-9b-awq,3,900,1200,1.824,24.7,6.0,4.02,34.7
qwen3.5-9b-awq,4,1200,1305,1.320,25.0,6.0,5.17,36.2
qwen3.5-9b,0,0,300,2.875,24.7,6.0,2.38,33.0
qwen3.5-9b,1,300,600,2.520,24.7,6.0,2.84,33.5
qwen3.5-9b,2,600,900,2.796,24.3,6.0,2.47,32.8
qwen3.5-9b,3,900,1200,2.441,24.7,6.0,2.95,33.6
qwen3.5-9b,4,1200,1305,1.938,24.7,6.0,3.79,34.5
